Node,SIR_Score,Betweenness,Closeness,K-Shell,PageRank,Eigenvector,Katz,VoteRank
2,1.362,0.0032840722495894913,0.1698744769874477,1,0.001692761897190867,0.00011593533543013065,0.04010127500727353,126
966,3.336,0.006557341629936912,0.20443101711983888,1,0.0014743513903552367,0.0016595085679582933,0.040102609084513706,34
104,1.168,0.0,0.14524207011686144,1,0.0009658579422322756,8.060096347249351e-06,0.039901759545489135,0
6,21.331,0.006615601857397698,0.24857142857142858,4,0.0018024512867821929,0.033930603868764286,0.04078420226130641,0
1192,27.5,0.0035597909642151163,0.2544922691182616,4,0.0019654912680563265,0.036269978693340116,0.04100126540938105,33
15,3.266,0.013103880390631753,0.1880790611488573,1,0.003579179327221217,0.0004500997949732125,0.040704965825182716,179
652,1.622,0.0,0.15834633385335414,1,0.0008566719332667864,3.12945478251052e-05,0.03990477799802164,0
883,9.097,0.040202970190815854,0.23085670962850643,3,0.003548445615118546,0.006348559331964144,0.041123424566915964,194
1511,1.222,0.0,0.15834633385335414,1,0.0008566719332667864,3.12945478251052e-05,0.03990477799802164,0
1512,1.399,0.0,0.15834633385335414,1,0.0008566719332667864,3.12945478251052e-05,0.03990477799802164,0
1239,1.595,0.0,0.15834633385335414,1,0.0008566719332667864,3.12945478251052e-05,0.03990477799802164,0
16,12.131,0.0032840722495894913,0.25598991172761665,1,0.0012188148415342975,0.02375296196807463,0.040168921547127555,71
301,2.481,0.0,0.20388349514563106,1,0.0007639980731420711,0.001651409328334651,0.03990209769706696,0
509,60.521,0.42546171087619483,0.34348561759729274,8,0.025516609264664945,0.3399955051647675,0.05363182841792816,227
27,1.547,0.009830611010284332,0.1499630632849052,1,0.002397489282482378,8.968280868816153e-06,0.040301799802205676,159
1513,1.365,0.0032840722495894913,0.13049067923719734,1,0.0017774027910898928,6.265077009043046e-07,0.040102270992363694,70
74,1.195,0.0,0.13043478260869565,1,0.0009259821917823089,6.234800380215652e-07,0.03990276216974543,0
1514,1.717,0.01307147178290554,0.17606244579358196,1,0.0014374737359854862,0.00012774883597669868,0.040104293216759936,0
29,57.967,0.06118975842800586,0.3001478560867422,8,0.008279684786541432,0.251442045070657,0.04533037157209774,215
965,51.41,0.026357881857049868,0.28685821950070656,8,0.007142858337309599,0.17811479851742876,0.044014638719514255,206
298,50.196,0.04420052291109376,0.2873997168475696,8,0.006390282085332837,0.161070096282003,0.04378687731407672,209
1106,17.709,0.0,0.24606060606060606,2,0.0007918499513937325,0.03949839876532133,0.040180171044852546,0
1398,56.162,0.05986435025135923,0.30726538849646823,8,0.00811323783838224,0.23300831379049053,0.04510742763061293,212
436,52.785,0.02318520789173612,0.29027645376549094,8,0.006484275761105677,0.20404875869973244,0.044260420055787494,202
892,47.163,0.02468227638070367,0.282336578581363,8,0.005460620977711352,0.17007679238977827,0.04319239961215347,191
1061,9.579,0.006557341629936912,0.23129510064565134,1,0.001142344832062666,0.017566830489134124,0.04012841116269055,0
1350,24.022,0.0,0.24665856622114216,3,0.0010356942163725876,0.05472029712904558,0.04040165172010276,0
989,31.485,0.01036553718904699,0.25290697674418605,5,0.002903353684589505,0.068418709428799,0.04163098670429524,166
1435,23.082,0.009140425218624681,0.25103050288540807,3,0.0023105280930298005,0.05636059227251232,0.0410003170576063,148
403,28.678,0.007086597340894903,0.24350259896041584,4,0.002474161116360894,0.05722865409549233,0.04119615564489884,125
546,55.332,0.03359412172012407,0.2954876273653566,8,0.0077826250836462805,0.22627710676568646,0.045313217031685275,220
1159,40.031,0.006259178586288369,0.25523889354568313,7,0.0032746687019075014,0.10724948176935019,0.04186481600646449,116
1147,54.896,0.01537165151089051,0.2909698996655518,8,0.006448575169272694,0.2245442503371321,0.044290260445811545,168
969,53.877,0.01633941693445274,0.2942028985507246,8,0.005683549928373481,0.2184643070293614,0.04369153645876329,151
129,21.419,0.003717326842852615,0.24080664294187426,4,0.0018927254056575595,0.034316440988517556,0.04075633867347485,83
1481,45.254,0.022475292298095504,0.28618421052631576,8,0.003827904009056253,0.14389726725037638,0.04237118036410739,32
568,29.616,0.0049670930525181935,0.25642105263157894,5,0.0022982265530990904,0.06109566399327261,0.04122807808079521,9
716,53.965,0.01743390500819487,0.29335260115606937,8,0.0060246115585757655,0.21893777269693737,0.04429629047685272,185
188,61.46,0.18321784616203374,0.3170223841749089,8,0.01651906713085229,0.3166673109708936,0.0504536086226656,226
628,58.728,0.09710773473156857,0.30726538849646823,8,0.011411445310308015,0.2485165557160197,0.047140531213743925,225
36,2.578,0.0,0.1802841918294849,2,0.0010972753984378326,0.0004044463417628151,0.04010734907668165,0
320,5.163,0.018776172578046913,0.21153178186870442,2,0.0031399998953633075,0.0031229647027373256,0.04090799142190271,197
1229,4.697,0.0022323574770829785,0.19928010471204188,2,0.0014347772376458678,0.0026939418239726974,0.0403111942853024,31
1515,4.559,0.0,0.21263966480446927,1,0.0006330630609749587,0.003190949934142642,0.03991230415490806,0
1333,19.966,0.07836346932147317,0.2699468085106383,3,0.005466665031783934,0.04589693390519411,0.04221022874349794,211
38,3.773,0.013295818072066234,0.19037199124726478,2,0.0023709131407950628,0.00038538037301937315,0.040515537508800194,147
483,1.333,0.0,0.1599684791174153,1,0.000749969604207867,2.6803475435572328e-05,0.039903830855646326,0
1516,1.445,0.006557341629936912,0.16013673415724428,1,0.001468313950730642,2.6934510436417804e-05,0.04010433727386091,0
272,10.739,0.06292309889292153,0.23414071510957324,3,0.0071054195819169694,0.004985783436215463,0.042736076474261385,219
795,4.217,0.0017110686647500925,0.18983790523690772,2,0.0010858476842546053,0.000502239964847646,0.04011262906705746,0
47,3.531,0.0,0.2177332856632106,2,0.001002424552455492,0.0023995412053031415,0.04010986481048302,0
1033,20.271,0.034003174787888696,0.2779552715654952,3,0.0032883915403484547,0.03055798018674748,0.041412633551341574,158
1518,5.313,8.546542689010926e-05,0.21781115879828325,2,0.0014365377985201815,0.003954009974712585,0.04030972025568588,92
51,2.611,0.0,0.20415688903788132,1,0.000801241820822069,0.00166760819143941,0.039904092950789054,0
1406,8.346,0.009836012444905368,0.25642105263157894,1,0.002611439836180152,0.023985964291389734,0.040567972439434156,157
58,9.418,0.0,0.22299523983888686,1,0.0005494677596192661,0.012383354882739716,0.03992132574361217,0
61,1.943,0.006557341629936912,0.1755043227665706,2,0.0018820668343691859,9.22715310165115e-05,0.04030585768590223,124
182,1.412,0.0,0.14937454010301693,2,0.0013552246398327121,6.897828588084831e-06,0.040103298953215356,30
263,1.431,0.0,0.14937454010301693,2,0.0013552246398327121,6.897828588084831e-06,0.040103298953215356,0
63,1.643,0.00983601244490537,0.12355447352404139,1,0.003196564097173789,4.27829631510996e-07,0.040501328779165124,178
1524,1.213,0.0,0.10998735777496839,1,0.0009281344103820456,3.1151706506205596e-08,0.0399037598145961,0
1174,1.932,0.01633393829401089,0.1407441645481858,1,0.0020984580406198596,5.8804825461071715e-06,0.04030384237386636,110
409,1.218,0.0,0.10998735777496839,1,0.0009281344103820456,3.1151706506205596e-08,0.0399037598145961,0
1274,1.203,0.0,0.10998735777496839,1,0.0009281344103820456,3.1151706506205596e-08,0.0399037598145961,0
1525,4.016,0.0,0.19488,2,0.001116245071246151,0.003351337612053534,0.04010782428604226,0
1327,11.52,0.01145914354852649,0.24176260420801907,2,0.002606006064738641,0.02415585750538994,0.0407568938177108,172
552,9.719,0.004912604787831648,0.24157080523601746,2,0.0020108719969224916,0.024045646819253835,0.040557363753557354,109
66,8.991,0.0,0.2254720473898556,1,0.0005069039014938105,0.015611453090424256,0.03992270368565038,0
79,36.076,0.00802031367217883,0.265359477124183,5,0.003420734481965942,0.052809229401308534,0.04226256018462714,29
1153,18.279,0.003310212523526933,0.22234392113910187,5,0.0019492883654463713,0.013553935554320665,0.04095429753311538,69
739,29.572,0.013108820685584496,0.25280199252801994,5,0.003657937091600328,0.028261508640006053,0.04220537539010863,180
1072,8.516,0.0,0.21278825995807127,2,0.0007553543721416185,0.005523225808753297,0.040123469537658996,0
1249,27.454,0.007280716992442755,0.23504438440756464,5,0.0037718311566205796,0.02661892899582782,0.04218077914184164,207
315,38.754,0.0188502211681251,0.271875,5,0.004333378541948882,0.05427811565847331,0.04287409961697111,200
426,28.632,0.00112565643429214,0.2420508744038156,5,0.0020227551783658757,0.032004266585629736,0.04118019670139823,0
355,25.931,0.0040960329845939865,0.24836867862969006,5,0.0023810852828348673,0.029502031365341734,0.041398487541622196,8
863,27.23,0.00015688186386229687,0.24536663980660758,5,0.001985838510544584,0.027654382573351996,0.04119257367364729,0
842,17.589,0.006689605178477343,0.24080664294187426,4,0.0027906203904190592,0.02458305764741633,0.0413554030398375,174
782,48.065,0.07962830948537608,0.3048048048048048,5,0.0069248796675128515,0.10398386504677415,0.044797806599838494,223
282,45.576,0.029895752701784916,0.2803867403314917,5,0.005277574763120806,0.09686235832484957,0.043545897654180675,163
1527,1.185,0.0,0.13605898123324398,1,0.0007934162000531927,6.448628071763482e-07,0.03990377004300365,0
94,1.712,0.007157108320577339,0.1574457083764219,2,0.0025737404330329725,9.27040107843229e-06,0.04050337448548788,171
80,36.443,0.006738616509112591,0.2717536813922356,5,0.0029451636556118693,0.08710423801098023,0.04168152245625473,94
683,26.643,0.0049443497098352164,0.24596122778675283,4,0.00241063961644937,0.04472080532231372,0.041180692826123425,140
1187,48.642,0.03135142442766763,0.2794860027535567,6,0.007157974986906865,0.13631913641797558,0.04414286621545732,217
1528,10.493,6.224840130725536e-05,0.21961774251712946,2,0.0008348245158908557,0.009681088391244859,0.04012164588925394,0
88,1.514,0.0,0.17454858125537404,1,0.0007147446540344982,0.0003407496919013423,0.03990281076842163,0
862,6.624,0.005125062827647846,0.21138493578618536,2,0.0016546271309251066,0.004901296931394664,0.04031152310249528,123
89,26.756,0.009656277462990841,0.2691117984975696,4,0.0030482053532227232,0.060181203994192155,0.04143455851059021,161
1530,5.651,0.0,0.21212121212121213,1,0.0005697706162588001,0.004184078964358433,0.039908425754621904,0
410,13.121,0.0012721293937675495,0.23558994197292069,3,0.001146908892556676,0.01610856367471649,0.04033310640913589,0
1287,5.586,0.0,0.21212121212121213,1,0.0005697706162588001,0.004184078964358433,0.039908425754621904,0
90,1.429,0.0,0.13878760255241568,1,0.000600113565319953,7.279986400598002e-06,0.039902819894871266,0
109,3.149,0.0032840722495894913,0.16111111111111112,2,0.0012502477448465786,0.00010312785366021719,0.04031334606468898,82
1531,5.99,0.0011441637922324133,0.21050812305565159,2,0.0010050132493919384,0.003802770147285336,0.04011477060141159,0
1532,22.471,0.007346209602718053,0.2511340206185567,4,0.0022142610142599573,0.05043060455041883,0.04099089186087573,91
1495,1.6,0.004507112655687911,0.16809274082252276,2,0.0012298756755661432,7.282061562457421e-05,0.040105310637921415,0
95,2.63,0.022689262141548174,0.18618159584225008,2,0.003659989754499424,0.00017759550331638955,0.04090750296175258,199
1252,1.632,0.0032840722495894913,0.15708021666236782,1,0.001524274427304157,1.2407937368995588e-05,0.040105299582859334,68
1533,4.134,0.02110283495232088,0.21938040345821325,2,0.001136894766410349,0.0022413807302905436,0.0401157536735451,0
1292,1.456,0.0032840722495894913,0.15708021666236782,1,0.001524274427304157,1.2407937368995588e-05,0.040105299582859334,67
1232,2.487,0.006732906084964156,0.19055068836045055,2,0.0022034926260071615,0.0002459871977976882,0.04051047639267377,134
1021,1.411,0.0032840722495894913,0.15708021666236782,1,0.001524274427304157,1.2407937368995588e-05,0.040105299582859334,66
96,1.672,0.0025853881874655705,0.1586350612138578,2,0.0018322022374293616,2.9735839542631414e-05,0.04030783170578127,0
99,9.138,0.0032840722495894913,0.2409972299168975,1,0.0011431500844645821,0.022123841496739897,0.04015303015419261,65
712,2.111,0.0,0.19425837320574163,1,0.0007317335344565179,0.0015382161819906292,0.03990201824257678,0
103,1.886,0.0032840722495894913,0.16535433070866143,2,0.00175077243387518,5.4421961394411475e-05,0.040305912518047375,81
1505,2.779,0.006552184128030047,0.18889578163771711,2,0.0020870112498521075,0.0003474342067413061,0.04051646139207227,0
368,1.366,0.0,0.14192495921696574,1,0.000742035970949821,3.7836963378277355e-06,0.03990278273276137,0
1415,7.835,0.0032684766788344706,0.19175062972292192,5,0.002027589352634095,0.0007270647005539347,0.041158094256952896,7
499,8.159,0.004766113401436398,0.19181102362204724,5,0.0023354286679569433,0.0007349238297944914,0.04135767587281139,186
114,10.882,0.027355766444907784,0.26352228472522715,2,0.00208476342982156,0.024192867770677327,0.04058013390819428,90
1344,4.703,0.01652517523155444,0.2178890876565295,2,0.0022846767878514506,0.002031477344638823,0.04052778792697737,0
120,17.551,0.0,0.26409366869037293,2,0.0008466599202282324,0.04091644764338401,0.04020511283471343,0
1160,20.569,0.0010540774291468782,0.2430167597765363,4,0.0013361746602854262,0.01850278508020089,0.04056060551348044,0
1414,3.964,0.0,0.19413452343002868,1,0.0005676463395053407,0.0023858507889343633,0.039905034742800174,0
135,8.959,0.0,0.22505543237250555,1,0.0005083475991356514,0.014186463881379209,0.039922554558438496,0
241,5.077,0.0011441637922324133,0.21050812305565159,2,0.0010050132493919384,0.003802770147285336,0.04011477060141159,0
1535,1.457,0.0010316404174097796,0.15425531914893617,2,0.0013136128358754496,1.7387892597604826e-05,0.040103294192042574,0
417,2.143,0.007038860450663641,0.1822262118491921,2,0.0017806314732331297,0.0002468134871845315,0.040304895679253654,133
826,1.533,5.9902728346467004e-05,0.13700787401574804,2,0.0013224263687757758,3.2764337826768225e-06,0.04010330879987054,76
141,6.94,0.0,0.22299523983888686,1,0.0005494677596192661,0.012383354882739716,0.03992132574361217,0
146,3.833,0.006562743064557947,0.19512976610060878,1,0.0019732740224157825,0.0016358836997176184,0.0403050246235891,122
23,1.421,0.0,0.16331456154465004,1,0.0008052704960285373,0.00011374362218284646,0.03990277828795795,0
264,1.701,0.0,0.16331456154465004,1,0.0008052704960285373,0.00011374362218284646,0.03990277828795795,0
1355,17.88,0.013883271142024168,0.24195470798569726,3,0.0025350084646199034,0.023300703063755864,0.040948751459978165,150
154,9.52,4.4754248726046594e-05,0.19370229007633588,5,0.0018781328825222712,0.0009532033886732182,0.04117378247636747,0
1288,10.569,0.02370480001338116,0.1943823811043728,5,0.003253160342763222,0.0011631176140777673,0.04219365751908255,195
898,9.558,0.006566933367016541,0.20374707259953162,5,0.0021552587751078657,0.0023104394548771503,0.04137956066071921,6
372,8.684,0.0007490759998809491,0.19205298013245034,5,0.0021302228447355335,0.0008726274811166577,0.04137341078921214,41
1331,8.125,1.9436980643877196e-05,0.19187145557655955,5,0.0014030058198178346,0.0007308974085707204,0.04076001290758525,0
361,10.946,0.00106091298427266,0.19413452343002868,5,0.003346050017755795,0.0012554077645549314,0.042400605495400034,208
433,15.863,0.10054438258512736,0.23622963537626065,5,0.007223178117556851,0.006304851956859069,0.04482268127646784,224
806,8.403,0.004946138694437244,0.1938872970391595,5,0.002581642823709469,0.0009897979284069606,0.04157600219057144,160
1536,2.793,0.006557341629936912,0.19001560062402495,1,0.0013268369726441918,0.00034839980452376065,0.0401154402229704,0
161,7.907,0.0061021794615063645,0.22690014903129657,3,0.0017602748107864057,0.0030418607108172843,0.04053422270348591,14
300,15.356,0.024668935819989555,0.23333333333333334,3,0.00395115772226422,0.006836220375383479,0.041759649407980964,190
825,15.947,0.04361640106499919,0.2595907928388747,3,0.0045222892302389985,0.02684456085033443,0.041781450931070836,201
1298,6.58,0.012504695710317145,0.22414427677585572,2,0.0013787418712239243,0.005081342736645849,0.0403167658579342,0
162,9.374,0.0006548357448474068,0.23558994197292069,2,0.0008821397098165737,0.016488797310501624,0.040128346609693555,0
1034,7.718,0.0005903572206299602,0.20574324324324325,2,0.001271937423507039,0.004155809015582782,0.04031142637175666,40
163,4.609,0.0032840722495894913,0.2008575197889182,1,0.0012245739394626243,0.003937534428850317,0.040105763467685615,64
1537,1.571,0.0,0.1673076923076923,1,0.0007663316265645649,0.0002737584746503051,0.03990178197446398,0
165,8.463,0.00012995165801751225,0.19229554783706979,5,0.00214154777541576,0.0008915960508801146,0.0413804452325548,0
584,6.558,9.002391035058912e-07,0.19156967599874175,5,0.001447724295673782,0.0006591927714432115,0.04075065380736194,0
752,9.212,0.0034714669144546295,0.1934561626429479,5,0.0024877253664519743,0.0009633833952143308,0.04157292286435558,115
516,9.374,0.00014509126351231616,0.19229554783706979,5,0.002390392200296976,0.0009302760628819557,0.041582192735764245,93
166,12.932,0.0,0.24118811881188118,2,0.0008289843109612297,0.025144575701924552,0.04015945383568968,0
167,10.396,0.006557341629936912,0.2354988399071926,1,0.0011514284079455546,0.017362633063425954,0.040137462182057715,0
173,1.338,0.0,0.15992647058823528,1,0.0007646555027129268,2.6170975890355483e-05,0.03990383594112873,0
1541,4.164,0.013087676086768647,0.1903125,2,0.0024423351191601,0.0003762979314443391,0.0405165546032948,146
1542,2.581,0.0032840722495894913,0.19488,1,0.0014058421080699096,0.0016876590591964034,0.04010454643246926,63
1479,15.096,0.004750736481514402,0.2479641693811075,3,0.00198815740528113,0.028697530842547593,0.04077272585330212,132
221,28.204,0.003171627767752043,0.25154894671623296,5,0.0022915437254709533,0.05210813056293814,0.041216810974199714,0
495,9.474,0.0,0.24080664294187426,1,0.000521202057911709,0.022016891567772336,0.03995352006870229,0
1022,10.379,0.0,0.24080664294187426,1,0.000521202057911709,0.022016891567772336,0.03995352006870229,0
905,10.501,0.0034068321475359924,0.2447749196141479,2,0.0017563015311463364,0.024125165995975594,0.04055945530912047,75
1420,23.697,0.0009174702516619725,0.249079754601227,5,0.0016738915620987723,0.03760539061442168,0.04079292401820634,0
591,10.719,0.0,0.24090189873417722,2,0.0009064162562087681,0.02366205767873053,0.040154291441170165,28
312,45.222,0.01201278974352936,0.26710526315789473,5,0.004072338661543022,0.09244957438434137,0.04269718286231909,127
1504,22.744,0.007504810185103487,0.24526782118405155,3,0.0025348217240766663,0.04498498855489829,0.04118678564742595,165
1361,10.886,0.0,0.24090189873417722,2,0.0009064162562087681,0.02366205767873053,0.040154291441170165,0
402,34.958,0.0051187243590704685,0.26409366869037293,5,0.002695181977295925,0.06206151066549932,0.04165530957680469,5
478,28.295,0.0014541989758770657,0.24705882352941178,4,0.0021978198999297828,0.060779190444237324,0.04121841605020897,39
150,10.466,0.0,0.24080664294187426,1,0.000521202057911709,0.022016891567772336,0.03995352006870229,0
491,11.158,0.0,0.24176260420801907,2,0.0008772173381970552,0.025022257209154845,0.04015850428878316,0
397,27.778,0.005443667605344656,0.271875,3,0.00337823755658517,0.06170962330141627,0.04164412456173103,181
1137,16.968,0.003142815622558855,0.24887617490805067,3,0.00186470595107135,0.029139456110906695,0.04077685639339364,4
307,11.649,0.0073750732770091225,0.2427261857313671,2,0.002322947506495704,0.024177836924745847,0.0407569147185596,170
192,4.034,0.0,0.18924798011187072,1,0.0005817797193910007,0.00047543648941207367,0.039910051382233,0
193,2.336,0.0,0.20429386112042938,1,0.0008127769918797653,0.0016758273701517907,0.03990509065246216,0
1157,9.333,0.013103880390631753,0.25663716814159293,1,0.0033293224789375454,0.024104187985650734,0.040767512851347054,177
196,2.225,0.0021289264302423723,0.19531751122514432,2,0.001608278324400711,0.00019800620718460452,0.04030996037593684,27
448,4.14,0.02252669834228063,0.2217771303714494,2,0.0025810645779480025,0.0020085235560121655,0.040713368956945856,149
199,1.226,0.0,0.13781398506449424,1,0.0009241224681726689,1.6936803321988622e-06,0.03990175986632489,0
1043,1.421,0.0032840722495894913,0.15980057727630542,1,0.0015945588186075624,2.4348116618128147e-05,0.04010133916896504,108
201,6.212,0.0034596413807507277,0.2082763337893297,2,0.0015643860666114148,0.00519088441670747,0.040317645552346765,62
1197,1.71,0.0,0.17242355605889015,1,0.0006890637791943338,0.0003609228190840105,0.039902841378584096,0
395,19.7,0.011171751419460809,0.2511340206185567,3,0.00251276640849398,0.043225884987137725,0.04099687486888418,138
319,21.7,0.031776402894070084,0.2544922691182616,4,0.005760698934826057,0.03107155688487177,0.04237881471621367,213
1544,9.48,0.0,0.2274085138162808,1,0.0005142665300165133,0.015188683293636701,0.039919710089824346,0
210,4.038,0.0032840722495894913,0.19928010471204188,1,0.0011917965276399644,0.0023707150674587875,0.04010468293232538,80
215,12.902,0.0003427647212554008,0.22283205268935236,3,0.0014309516310981917,0.014078192136388506,0.04053711795570991,13
1200,13.04,6.601753425709869e-06,0.220014450867052,3,0.001113567275165917,0.013265331953603994,0.04033053294636261,0
217,1.212,0.0,0.15232616308154076,1,0.0007900894775484913,1.2997695286284945e-05,0.039902772307832624,0
1242,1.935,0.003950069138363151,0.17964601769911503,2,0.0019211220509089083,0.0001869582307136254,0.04030382754123005,156
220,3.234,0.0,0.20616113744075829,1,0.0006303585241250558,0.0018664469711502174,0.03991016032557335,0
222,20.525,0.003683198157647189,0.2430167597765363,4,0.0020701899797583813,0.014653419179283337,0.04096566378143217,89
938,33.179,0.039209834025961246,0.267927848658161,4,0.006170365063949563,0.035353990026274845,0.04361934853201218,218
578,17.466,0.007419180398000114,0.23111954459203035,4,0.002398556030917051,0.01044056439123764,0.041149375627271056,38
273,9.327,0.0,0.21241716079525635,2,0.0008151966842740738,0.003477531299474454,0.0401241780055293,0
223,35.625,0.003532790222161129,0.2711487088156723,5,0.002499916590986103,0.09128726137622516,0.04148367609296858,12
489,32.009,0.020233732286604696,0.26722246599385696,4,0.0037875095729781186,0.06961346835369706,0.042047890505754276,187
636,16.036,0.013348787851846329,0.24467657693852954,4,0.001319125492717413,0.02514130838939598,0.04056111221983026,3
227,4.307,0.01688407314248788,0.20498148771457422,2,0.0029164585151638285,0.0007342514032013039,0.040914699408291996,196
1208,4.701,0.008339033171555153,0.22145454545454546,2,0.0014992793673520844,0.0033751958512227534,0.04031741076471851,26
1545,8.109,0.05378211344918548,0.22113289760348584,2,0.0025507432366418913,0.004206181704141818,0.04073066451571332,0
457,2.457,0.0007734330553761323,0.19259962049335863,2,0.0010823838432561304,0.0007133995895089163,0.040106439126936566,25
345,2.027,0.008913951599524008,0.1774992713494608,2,0.0021564425860923844,5.918505832945557e-05,0.04051141245666253,11
228,2.371,0.0004915305505142166,0.18033757773171455,2,0.00166006081033734,0.00026617717686984503,0.040311960980395335,0
718,2.786,0.005684649730449349,0.18499392466585662,2,0.0021972623904547195,0.00028165395877227396,0.04050950589851761,145
1168,4.471,0.05000300550092681,0.21711229946524063,2,0.0031582225793486147,0.0032806304241443963,0.04092105537024493,192
231,1.557,0.0,0.16115374437681926,2,0.0012120100139471084,1.4727512059097664e-05,0.04010838812572112,0
873,2.757,0.013637330769126588,0.18983790523690772,2,0.0027104132588348655,0.00017692172877116166,0.04071798005366053,144
1039,2.362,0.01057300234671761,0.169921875,2,0.002975405091408807,3.4804443264756796e-05,0.04070901140372398,184
238,9.057,0.0,0.25577488450230995,1,0.0005695336734158035,0.02363815004183839,0.03996941106524503,0
240,25.445,0.00044140521301234086,0.23504438440756464,4,0.002255607262943363,0.04040556642060888,0.04117610496431903,37
777,20.393,0.0,0.23279816513761467,4,0.0013565052259833898,0.032858184591368966,0.04056465190701399,0
918,30.29,0.003536290613999982,0.23742690058479532,4,0.0026029711990774177,0.058119144454680756,0.041390915112801144,88
242,9.966,2.1005579081804125e-05,0.21007243877199033,2,0.0008515354507288792,0.01137500705390048,0.04011557826385548,0
244,2.519,0.0032840722495894913,0.20429386112042938,1,0.0015529957589924133,0.0016675686643055107,0.04010260911763944,61
1078,9.191,0.009830611010284332,0.25642105263157894,1,0.0018950215550779168,0.023869460368637192,0.040369439598925916,121
1546,1.279,0.0,0.16968514906659238,1,0.0009059452830367089,0.00011593533543011076,0.03990176620971668,0
254,10.527,0.000907284086854975,0.2339608144448713,2,0.0008557556002465902,0.01350834240770071,0.04013829276229812,0
256,2.947,0.009274030311227175,0.19314938154138916,2,0.002026840163391983,0.0004315532529219843,0.04051262624493672,143
554,1.904,0.003555950781576423,0.1704450041981528,2,0.0016422287095993633,4.408911167182157e-05,0.04030790272735306,0
857,8.053,0.03688274527264073,0.22723880597014925,3,0.0031035563408208923,0.005761165073238601,0.04114434406637037,173
1547,2.185,0.0,0.17479908151549942,2,0.001234233504945222,0.00023350839788451565,0.04010831997727939,0
1299,2.264,0.006562743064557947,0.1748994830557151,2,0.0025572787803289296,0.00023563835482703655,0.04050537251469977,142
261,13.465,0.0023734771193731794,0.2413793103448276,2,0.0012206361189617322,0.025503922470045837,0.0403619991393036,0
1342,5.799,0.0032867729669000087,0.19727891156462585,2,0.0018431640110595287,0.005168344142611892,0.04050906448211929,131
267,10.216,0.0011432405366181182,0.25609756097560976,2,0.0009764768468496074,0.023913060527773262,0.0401709596496678,0
268,9.535,0.0038314321962547968,0.23059447179098827,2,0.0014734545492925987,0.014497020030967051,0.04032364630023987,107
1548,2.361,0.0,0.18744228993536471,1,0.0006634256718303463,0.001007896359447254,0.0399028713516655,0
1417,6.153,0.0015347853221757588,0.22250639386189258,2,0.0014165880402392849,0.003458775403048126,0.04031548054834869,0
1111,2.589,0.0,0.18977874727329386,1,0.0006486161438157851,0.0003467061241915618,0.039914933527467375,0
1131,2.404,0.0,0.18977874727329386,1,0.0006486161438157851,0.0003467061241915618,0.039914933527467375,0
571,2.951,0.0,0.18977874727329386,1,0.0006486161438157851,0.0003467061241915618,0.039914933527467375,0
1180,2.086,0.0,0.18977874727329386,1,0.0006486161438157851,0.0003467061241915618,0.039914933527467375,0
508,11.984,0.026410682958280272,0.2265625,3,0.002349233126124995,0.003847341440932661,0.040962941426800986,130
278,9.959,0.0029789587765175532,0.2591489361702128,2,0.0009999911518160907,0.023962929200192818,0.040171967001847074,0
812,6.421,0.0036663576382350693,0.2230769230769231,2,0.0020260055883657424,0.004671354612899464,0.04051119093818561,137
281,1.588,0.0,0.15615384615384614,1,0.000712052451389967,1.95813909120799e-05,0.039903800698698484,0
1549,17.162,0.010588266970680141,0.22903347122978562,3,0.001461751351934346,0.014674234612470064,0.04055008764831445,0
1302,7.914,0.0,0.21906474820143884,1,0.0004951182560017595,0.006735114780264282,0.03991898228124043,0
452,35.642,0.06525688732103362,0.26593886462882094,5,0.005356817493935421,0.058859284469317874,0.04303894560273315,214
284,2.624,0.019542390458905885,0.16331456154465004,1,0.0010686668569332345,8.219752170081704e-05,0.040113740618401415,0
285,24.408,0.019664681699916857,0.26036767849508335,4,0.003000021118662846,0.03235432698580581,0.041378334268041536,155
702,21.136,0.084233448655378,0.26559092891408637,3,0.0037984221616416923,0.017728307490051207,0.041788199519311404,114
297,10.73,0.0,0.25577488450230995,1,0.0005695336734158035,0.02363815004183839,0.03996941106524503,0
1550,8.201,0.0,0.22332233223322331,1,0.0005318018068420172,0.0111983678367494,0.03992018699690981,0
1551,8.544,0.014031121392879623,0.22783389450056116,2,0.0010404356474371633,0.011259440078281365,0.040121721755247086,0
160,19.949,0.0,0.23938679245283018,3,0.0010700884929460226,0.041584694378587396,0.040367024706679785,0
1466,8.353,0.004036549732994642,0.21867145421903053,2,0.001791709308607911,0.0031898321338740244,0.04052924484982018,87
849,11.603,0.011371627944702416,0.24262948207171314,3,0.0015901116335571214,0.007542012426477632,0.040542050553420896,0
310,6.168,0.00022659226916667277,0.21703492516037062,2,0.000860209391710582,0.002997384009388333,0.04011505756603964,0
764,25.696,0.009294539437525407,0.24948791478902088,4,0.0034076790919023016,0.022491331943890438,0.041792456699825016,60
305,5.051,0.0,0.19747081712062256,1,0.0005386051196382575,0.0031091952673673985,0.03990715647714683,0
306,1.588,0.0,0.1519840279510856,2,0.001247689520051301,9.361356053410126e-06,0.04010834830027747,24
226,1.518,0.0,0.1519840279510856,2,0.001247689520051301,9.361356053410126e-06,0.04010834830027747,0
1212,2.672,0.02104919304321492,0.17911764705882352,2,0.0044368837162412555,0.00012528783353339773,0.04131067791937258,204
1273,3.835,0.0,0.19747081712062256,2,0.0010140091966783036,0.003358395299629072,0.040107834847568136,0
631,2.17,0.0,0.19538017324350337,1,0.0006407858240323671,0.0016810284609572845,0.03990503765774062,0
999,34.044,0.021511107388404435,0.2647826086956522,4,0.0030815902476274007,0.060073830212102906,0.041653464673713406,95
1348,25.714,0.005235662921377088,0.2471590909090909,4,0.001960022343856609,0.03521708910920384,0.040972912388098325,74
858,23.556,0.0006200206414956052,0.24379503602882305,4,0.0018327396433146512,0.026753185223327956,0.040982217120308945,0
313,43.882,0.00665572373232335,0.2816836262719704,7,0.00365301746555114,0.1309840198905523,0.04215413737099425,106
903,7.423,0.0,0.21985559566787002,1,0.0005281794468328673,0.009106717645107742,0.039912023398067216,0
314,5.046,0.0,0.19193192562243933,1,0.0005224418005902988,0.004040663290001821,0.0399082075431353,0
317,16.639,0.016427768040946932,0.2627264883520276,3,0.0012142018296232048,0.03922738281371842,0.04039358967818238,0
1552,4.681,0.0,0.20293235588137287,1,0.0006225987623104281,0.0021604228413900847,0.03991314712677804,0
1059,4.123,0.0,0.20293235588137287,1,0.0006225987623104281,0.0021604228413900847,0.03991314712677804,0
1213,4.214,0.0,0.20293235588137287,1,0.0006225987623104281,0.0021604228413900847,0.03991314712677804,0
678,4.554,0.0,0.20293235588137287,1,0.0006225987623104281,0.0021604228413900847,0.03991314712677804,0
1282,1.526,0.0,0.174648695153427,1,0.0006907423837932559,0.00021712556688756112,0.03990579311564198,0
340,3.512,0.0,0.21757770632368703,1,0.0005954813790216882,0.0021246307193682683,0.03990831622606026,0
341,8.768,0.0,0.25577488450230995,1,0.0005695336734158035,0.02363815004183839,0.03996941106524503,0
1272,1.914,0.0038772071552606083,0.17025440313111545,2,0.0017094086390719474,6.361357521094909e-05,0.04030588151025206,113
1014,20.263,0.06127527994231121,0.27694406548431105,3,0.004817220770975629,0.03206005862791034,0.04199262132474026,205
1165,19.373,0.0008532670819276472,0.24596122778675283,4,0.0013189831011715324,0.028368238410548963,0.04057628058421217,0
1468,5.504,0.0,0.16309587573647563,4,0.0011463038086510428,0.00030099493858168645,0.040537994039665716,0
1507,9.482,0.00086099227536521,0.19382558879694461,5,0.0021181339185490132,0.0009908301099245743,0.04138053696664257,2
1062,3.79,0.00937645056938978,0.19538017324350337,2,0.001538806849069425,0.001037797914341535,0.040308119998664356,36
364,9.043,0.0,0.23513513513513515,1,0.0005230278861566913,0.01727829760154562,0.039936954940290266,0
380,2.471,0.006562743064557947,0.1895424836601307,1,0.002096549422933095,0.0007697921152181611,0.04030487081597166,120
379,1.363,0.0,0.15938236063857628,1,0.0008399648664381084,5.352068946240458e-05,0.039902777522220025,0
1041,9.921,0.017587894448279597,0.2334227673438099,2,0.0029836322895919107,0.010964953785498091,0.04091798202961332,183
339,1.324,0.0,0.15938236063857628,1,0.0008399648664381084,5.352068946240458e-05,0.039902777522220025,0
387,1.339,0.0,0.1452767175572519,1,0.0007517340130802535,2.421094104673813e-06,0.0399047982270508,0
396,2.315,0.0,0.1794871794871795,1,0.0006266602822410261,0.00022184626025535532,0.039903899378520506,0
616,21.188,0.004407067510746664,0.2609254498714653,3,0.002729328980020032,0.03843252526338894,0.04119891347706612,112
868,4.816,0.0,0.21383426966292135,1,0.0005649597086819574,0.0042903749912260045,0.03990947357242754,0
580,18.157,0.0010689457834243234,0.2628398791540785,3,0.0015443767887894759,0.03212688198548904,0.04059431584841625,0
694,14.465,0.0,0.2563131313131313,3,0.0012200176151528702,0.030600516613221846,0.04038362589760108,0
1368,12.575,0.0,0.25598991172761665,2,0.0008885917427534985,0.027928525033064394,0.040177631466850716,0
1060,12.237,0.0,0.25598991172761665,2,0.0008885917427534985,0.027928525033064394,0.040177631466850716,0
399,1.221,0.0,0.1488997555012225,1,0.0007893927604962286,1.6382830996954534e-05,0.03990378003245928,0
1555,1.542,0.0,0.16883836983642916,1,0.0007991302717992718,0.00015095165152568117,0.03990181644296792,0
556,4.723,0.0032840722495894913,0.20306768922974325,1,0.0013019583592077807,0.0021709197396024686,0.040112656208322925,59
595,4.739,0.0,0.19594594594594594,2,0.0009500900741488366,0.004276075892949842,0.04010777259724383,23
897,6.048,0.0,0.19594594594594594,2,0.0009500900741488366,0.004276075892949842,0.04010777259724383,0
406,14.529,0.0,0.2257227575982209,3,0.0010585926900114654,0.020381471530177678,0.04033536781832232,0
407,1.153,0.0,0.14199114012590347,1,0.0008675193051365872,4.287818730548528e-06,0.03990277222445999,0
623,1.58,0.013087676086768647,0.16544417277913612,1,0.00219680279896137,6.167139506299518e-05,0.04030381078941034,105
1556,4.648,0.011302193506208843,0.2200939645825804,2,0.0016187302446308096,0.0035028130809899305,0.04031737861873788,0
420,22.4,0.02620818364044969,0.24836867862969006,4,0.002265081311700145,0.01964911987863617,0.04118842189251687,111
134,12.331,0.00027064409897328015,0.23798358733880423,3,0.0010574162613113899,0.009323077495711679,0.040336930636193626,0
542,4.126,0.0,0.19901960784313724,1,0.000520919485600637,0.0013665651240648822,0.039907195186116795,0
422,4.775,0.0,0.19037199124726478,1,0.0005130691847898355,0.0018510752251203544,0.03991215695233848,0
423,3.942,0.0032840722495894913,0.19863013698630136,1,0.0012628893488777194,0.001655524473630889,0.04010656819000357,58
428,17.198,0.015573958753766463,0.2475609756097561,3,0.0028981271597851486,0.023695964196758318,0.041161235377548996,182
106,1.488,0.0,0.16575939031028852,1,0.0007827586693491923,0.00011510623874486855,0.0399017860055059,0
427,9.779,0.0,0.2200939645825804,2,0.0008872157182022223,0.012680417559737605,0.0401171008777565,0
1104,22.772,0.007589262167129775,0.2651284283848498,3,0.002534285735772852,0.05140169024209718,0.04101553180037183,154
1196,13.574,0.036036662651091844,0.26970770593445526,3,0.0021931948932319106,0.02767335301321771,0.04078731820473248,1
1439,3.689,0.0,0.1985006518904824,1,0.000597703794227191,0.0016475211044725865,0.03990705926044005,0
432,9.62,0.0,0.23513513513513515,1,0.0005230278861566913,0.01727829760154562,0.039936954940290266,0
1558,5.59,0.0,0.19132893496701225,3,0.000943528734655748,0.000566415058779341,0.040340144422737804,0
769,4.539,0.0,0.19126884422110552,2,0.0007102187973946899,0.0005279526305431122,0.04013736945494234,0
1388,11.018,0.04744512565913483,0.26733977172958734,2,0.0008150976945698787,0.024077826627155827,0.04019352437786231,0
1397,3.869,0.0,0.1911487758945386,1,0.0004914656604983376,0.00043967658531743727,0.03992536648343915,0
1018,8.411,3.7008400859839804e-05,0.19175062972292192,5,0.0019310041787811553,0.0007728543901052344,0.04116127406120942,15
861,3.577,0.0,0.1911487758945386,1,0.0004914656604983376,0.00043967658531743727,0.03992536648343915,0
1383,3.285,0.0,0.1911487758945386,1,0.0004914656604983376,0.00043967658531743727,0.03992536648343915,0
1416,14.852,0.0,0.2257227575982209,3,0.0010585926900114654,0.020381471530177678,0.04033536781832232,0
725,22.382,0.0009737826717799944,0.23459167950693374,3,0.0026672417626936186,0.028325760255725693,0.04134429861433766,162
1413,12.542,3.441130909895539e-05,0.22732362821948487,2,0.0008010510794296466,0.017295659148746607,0.04012845786476345,0
441,3.434,0.0,0.18482549317147193,2,0.0010064119636873751,0.0002877595033423799,0.040106600851976426,22
1182,8.139,0.0,0.21451215216625572,2,0.0008684865718057385,0.006087862146956809,0.04012031119689247,0
1559,6.449,0.0,0.21014492753623187,1,0.0005305216995082148,0.004092553376034713,0.039916447672594835,0
791,12.831,0.002702145694273974,0.22389705882352942,3,0.00153737250469252,0.00873202050548692,0.04053582549940257,0
1202,29.109,0.014404010626871695,0.24735987002437043,5,0.00475364028838904,0.05214169747026814,0.04239711920801468,203
1560,8.316,0.0032840722495894913,0.21458773784355178,2,0.0013916647309403032,0.0061483237583299325,0.0403198461075764,79
294,7.867,0.002954235770714773,0.2226691042047532,2,0.0009955270357145329,0.00952704374284017,0.04012249921583108,0
463,1.211,0.0,0.13007261853908586,1,0.0009591775927170392,4.48368859422531e-07,0.03990176460193999,0
698,1.352,0.0032840722495894913,0.14948453608247422,1,0.0016778693886658033,6.444571979781873e-06,0.0401022862432279,57
464,3.25,0.0003313186115633795,0.18901303538175046,2,0.0010077645953966005,0.0006161581731127858,0.04010752042468494,0
1065,13.882,0.00984958017701024,0.23208841463414634,3,0.0022842240747353863,0.00808691977855054,0.040946407858155766,21
472,8.518,0.0,0.25577488450230995,1,0.0005695336734158035,0.02363815004183839,0.03996941106524503,0
481,1.605,0.0,0.1519840279510856,2,0.001247689520051301,9.361356053410124e-06,0.04010834830027747,20
676,1.534,0.0,0.1519840279510856,2,0.001247689520051301,9.361356053410124e-06,0.04010834830027747,0
484,5.754,0.0014477024493309814,0.21534653465346534,2,0.0009339678703101371,0.0015102566525256559,0.04011477009025796,0
485,5.912,0.051227965219667444,0.22356828193832598,2,0.007056259048553268,0.0013138543366861127,0.04211446367744085,216
633,1.852,0.0,0.18277310924369747,1,0.0007470252166287081,9.137259712427066e-05,0.03991182548074464,0
1271,1.89,0.0,0.18277310924369747,1,0.0007470252166287081,9.137259712427066e-05,0.03991182548074464,0
1561,1.798,0.0,0.18277310924369747,1,0.0007470252166287081,9.137259712427066e-05,0.03991182548074464,0
1562,1.786,0.0,0.18277310924369747,1,0.0007470252166287081,9.137259712427066e-05,0.03991182548074464,0
1225,1.832,0.0,0.18277310924369747,1,0.0007470252166287081,9.137259712427066e-05,0.03991182548074464,0
1563,1.782,0.0,0.18277310924369747,1,0.0007470252166287081,9.137259712427066e-05,0.03991182548074464,0
1019,1.972,0.00653889098488272,0.1869244935543278,2,0.0018771155165702446,0.00010900208907196084,0.040313891974289376,56
1564,2.158,0.0020673298254288877,0.18854489164086688,2,0.0012030774354714017,0.00010513947715597163,0.04011337528139048,0
1565,2.601,0.011231004478994803,0.1911487758945386,2,0.0019500040816043144,0.00013509997676652922,0.04032589390951883,55
392,1.748,0.0,0.18277310924369747,1,0.0007470252166287081,9.137259712427066e-05,0.03991182548074464,0
488,4.18,0.0,0.19973761889143982,1,0.0005355151319248564,0.0015640346303955257,0.03991021535324718,0
931,24.844,0.0,0.2605905006418485,4,0.0014062472307107168,0.05368721231001702,0.04062692941811952,0
1566,9.156,0.0001741692413684895,0.220014450867052,2,0.0008657962058756937,0.00875828330596668,0.04011649376693741,0
490,3.506,0.016360945467116066,0.18819530284301608,1,0.0035383066036385803,0.00045011057670923087,0.040705963469288994,176
1102,1.297,0.0,0.15842872008324663,1,0.00084956603153217,3.129529777523706e-05,0.039904782986235975,0
265,1.447,0.0,0.15842872008324663,1,0.00084956603153217,3.129529777523706e-05,0.039904782986235975,0
1140,1.494,0.0032840722495894913,0.15851119208745446,1,0.0016582428588883178,3.144733600342023e-05,0.04010429185934928,54
1493,1.446,0.0,0.15842872008324663,1,0.00084956603153217,3.129529777523706e-05,0.039904782986235975,0
496,7.676,0.0,0.2185145317545748,1,0.0005356115978427171,0.00947744683148509,0.039921967022942616,0
177,2.845,5.174231418721956e-06,0.16253002401921537,2,0.0007289284283343496,0.0001192250094710481,0.04011590609881453,0
502,9.147,0.0032840722495894913,0.21867145421903053,1,0.001165702554964846,0.009523476721744126,0.04012147632321659,53
503,4.13,0.0032840722495894913,0.21711229946524063,1,0.0012953264223473375,0.002239860658065069,0.040110725193089454,52
327,1.708,0.0,0.17843539408145326,1,0.0007961853962332216,0.00015573205908434766,0.03990180678737501,0
506,5.714,0.0,0.20185614849187936,1,0.0005049756011682549,0.001965344492996488,0.039912279922007514,0
1407,2.905,0.0,0.18482549317147193,2,0.0010064119636873751,0.0002877595033423799,0.040106600851976426,0
1567,9.328,0.009819808141042262,0.25642105263157894,1,0.0011958177904827694,0.02375352503320709,0.04016992410401578,0
617,18.038,0.00021897658175853676,0.26443768996960487,3,0.001178085792627604,0.043588439223541456,0.0404111072654638,0
1427,10.805,0.0,0.25577488450230995,1,0.0005695336734158035,0.02363815004183839,0.03996941106524503,0
1220,16.696,0.010649905726884323,0.2613733905579399,2,0.0017871332279312676,0.04152490419977626,0.040597119751034305,104
618,18.713,0.010164524668233591,0.2638648180242634,5,0.0030421597974746757,0.03013640498043656,0.04161858412895615,193
574,9.892,0.0032840722495894913,0.25598991172761665,1,0.0012188148415342975,0.023752961968074634,0.040168921547127555,51
1289,18.162,0.02087222266557354,0.26593886462882094,2,0.0012915006646772261,0.04113357321027158,0.040409652779533546,0
1276,11.336,0.010804209684201685,0.25925925925925924,2,0.0015916457689352547,0.02419650230747056,0.0403745437828477,50
1463,9.041,0.0,0.25577488450230995,1,0.0005695336734158035,0.02363815004183839,0.03996941106524503,0
1206,10.758,0.0,0.25577488450230995,1,0.0005695336734158035,0.02363815004183839,0.03996941106524503,0
1336,10.095,0.006562743064557947,0.2563131313131313,2,0.002242014827494745,0.025653572482829064,0.04056931324715335,141
956,9.929,0.027748539792308888,0.2598122866894198,2,0.0016961417837238083,0.023869506054399407,0.040369474823242456,103
394,9.873,0.0,0.25577488450230995,1,0.0005695336734158035,0.02363815004183839,0.03996941106524503,0
334,10.617,0.0,0.25577488450230995,1,0.0005695336734158035,0.02363815004183839,0.03996941106524503,0
1508,18.865,0.0035511625299041844,0.26887417218543047,3,0.0011352755689067937,0.035574076805162946,0.04040822150121897,0
658,12.341,0.0,0.261822871883061,2,0.000941937398927978,0.025867182825183906,0.04017937405422958,0
1149,22.435,0.057513210935890825,0.27531645569620256,5,0.007241144275414322,0.03322427881516952,0.04362117911473737,222
986,11.777,0.03517689778508752,0.26698816308636564,2,0.0018995715592965933,0.025985798714607298,0.040583441756436266,0
1392,10.408,0.0,0.25609756097560976,2,0.0010460205707606219,0.025421696316461535,0.040172257542565495,0
1128,9.936,0.0,0.25577488450230995,1,0.0005695336734158035,0.02363815004183839,0.03996941106524503,0
1568,9.461,0.0,0.25577488450230995,1,0.0005695336734158035,0.02363815004183839,0.03996941106524503,0
524,2.235,0.0008271163054673553,0.16499593606068816,2,0.0016707964845553156,3.36077454981351e-05,0.04031796563290668,0
1360,2.724,0.01046814112968002,0.1662117903930131,2,0.003934805009323237,5.407788209737369e-05,0.04111613257608507,198
528,10.16,0.0032840722495894913,0.23540780827212987,2,0.0014910970997448834,0.017495273473179408,0.04032694598850959,102
671,2.872,0.0,0.19061032863849764,1,0.0006683603552504807,0.0012163437096807694,0.03990288784009221,0
957,10.821,0.0,0.23531684698608965,2,0.000944201081563097,0.01741620637013955,0.04012842416224557,0
532,1.396,0.0032840722495894913,0.13685393258426967,1,0.0016619506860624637,1.4844012922845918e-06,0.04010129365892227,101
1570,1.538,0.006557341629936912,0.15842872008324663,1,0.0014287350800981544,2.123959807633114e-05,0.04010633805114392,0
534,2.371,0.0032840722495894913,0.19078947368421054,1,0.0014780352465978296,0.0012130126510418783,0.040101449222079505,100
1571,1.458,0.0,0.16026315789473683,1,0.0008743021611331257,8.43354618803342e-05,0.03990176041258932,0
539,2.085,0.0,0.1794871794871795,1,0.0007413107996390013,0.0006620993245618249,0.039901860519051056,0
653,10.233,0.0,0.23024574669187145,2,0.0007967897939037327,0.017441015185395353,0.04013459538533472,0
123,18.909,0.0010708335507674924,0.23733437256430243,4,0.0013468560322129149,0.030998013649414274,0.040558292153343244,0
550,7.308,0.0,0.22025316455696203,1,0.0005359825404489987,0.01182455563269465,0.03991721457673968,0
1574,1.99,0.0,0.19463087248322147,1,0.0006732148772920714,0.0016718373142415523,0.03990403990346336,0
562,2.65,0.02163045755693989,0.21043538355217692,2,0.001198099925141739,0.001668222267825571,0.04010965385129878,0
1577,2.488,0.0,0.20388349514563106,1,0.0007639980731420711,0.0016514093283346513,0.03990209769706696,0
581,3.978,0.0,0.20963855421686747,1,0.0006049379107136174,0.0035736999146298624,0.03990633065051115,0
1578,13.498,0.012894422683637717,0.245663574021783,3,0.0016693110990688897,0.018701950405843406,0.040550934121090565,0
605,9.975,0.0006120319806808467,0.22137404580152673,5,0.002492802720312722,0.0062501209712859844,0.04114798867639818,128
1217,9.133,0.0,0.21734475374732334,5,0.0017508704174542848,0.005697194195467766,0.040743663126710655,0
1205,11.958,0.005119343906676106,0.2193014043932301,5,0.0024716667714407147,0.006181928408604436,0.04114793390082731,35
612,1.157,0.0,0.1334355828220859,1,0.0009380236972784651,6.815370716045792e-07,0.03990175961372566,0
909,1.436,0.0032840722495894913,0.15394337714863499,1,0.001628613910078031,9.803097388654184e-06,0.040101288600486354,99
1434,3.696,0.0,0.2070020394289599,1,0.0005773275117436339,0.0026719915801574523,0.03990724760157223,0
837,7.384,0.0,0.21641791044776118,2,0.0008571722759573974,0.004405211837375012,0.04012745174332302,0
640,11.136,2.7007173105176737e-06,0.2174223491610139,5,0.0020541250367429394,0.006150412425475333,0.04094637304760072,0
1125,10.204,0.00045436544411571163,0.21961774251712946,4,0.0017445331647321354,0.006971824152605685,0.04074470013721485,0
619,2.237,0.0,0.20863309352517986,1,0.0006892419663535705,0.001681992646379734,0.03990415375685621,0
620,5.933,0.0,0.21138493578618536,1,0.0005219335763367978,0.0024584799318394636,0.03991934975467505,0
776,1.538,0.006562743064557947,0.14212368728121352,1,0.0024798383159046955,4.329679506200468e-06,0.04030179984612519,153
362,21.785,0.0007002770200349106,0.24243630573248406,3,0.0013755198191634376,0.036876293414666396,0.04057410527376876,0
1423,13.478,0.0,0.23622963537626065,2,0.0008338146278858965,0.020903504070998436,0.040148940349944116,0
670,19.539,0.008328017574212426,0.2545986622073579,3,0.0014202005259249882,0.034632730369736596,0.04057408158328659,10
629,20.219,0.004225516163226819,0.24185861795075456,3,0.0022890525129830117,0.030714735542964267,0.0409592290390419,78
634,12.615,7.212598130657737e-05,0.2404263718910383,2,0.0007622889479858878,0.01723489238552909,0.04013709719069582,0
645,1.352,0.0032840722495894913,0.13812655931050125,1,0.0016885252905865908,1.8828699423924679e-06,0.04010128365470274,98
1103,1.168,0.0,0.12138728323699421,1,0.0009642459858670372,1.3103500084547844e-07,0.03990175958903645,0
649,1.183,0.0,0.12446351931330472,1,0.0009497864738732475,3.010320704561058e-07,0.039902762169993555,0
659,9.068,0.004515335946162469,0.2217771303714494,2,0.0008958538606927034,0.006774764985580483,0.04012841909264367,0
1582,3.527,0.021556734299798843,0.2130115424973767,2,0.001803948373405028,0.0018285237066744226,0.04030621089169899,73
661,1.936,0.0032840722495894913,0.17906498088797412,1,0.0014701189288265414,0.00014192131901683293,0.04010340095243434,77
1354,1.186,0.0,0.15190820653529558,1,0.0008721992812615303,9.866697969946013e-06,0.039901770174755276,0
666,9.739,0.0006354840940027813,0.23111954459203035,2,0.0009307771803015253,0.0160566126609585,0.040130374399957355,0
804,11.28,0.0007348785109675855,0.22439204126750184,3,0.001129477326944103,0.005605979255162312,0.040324091124990774,0
672,1.559,0.0013552488631889718,0.1512667660208644,2,0.0012079779510828018,8.183460178956497e-06,0.040108363239610915,0
1583,1.365,0.0,0.15363269424823411,1,0.0008527446935517374,2.06382154219579e-05,0.039903770484431965,0
1109,2.281,0.009836012444905368,0.18146603098927294,1,0.0028495815606806143,0.00029678111693071503,0.04050346303292975,164
695,1.413,0.0,0.15752715985514745,1,0.0007767986257578999,7.581391939948835e-06,0.03990282262966728,0
1201,2.195,0.009830611010284332,0.17560553633217993,1,0.0021766858282785545,9.220625925529066e-05,0.04030485001474819,119
711,11.185,4.695716424219962e-05,0.22783389450056116,2,0.0007731272248469201,0.017191222532803366,0.04012945523865308,0
728,8.215,0.0,0.22332233223322331,1,0.0005318018068420172,0.0111983678367494,0.03992018699690981,0
741,2.095,0.0042622864638842085,0.16841814159292035,2,0.0018515976675159756,7.71541067922292e-05,0.04031789005673268,86
680,1.239,0.0,0.14417613636363635,1,0.0007686064802393863,5.364499862328322e-06,0.03990284261999265,0
1587,4.056,0.0,0.16261682242990655,2,0.0007246281761965853,0.00013715043207003603,0.040116997719385,0
759,3.297,0.0005360527840048274,0.20449966420416388,2,0.001065550881483993,0.0019156847135168166,0.04010662469853414,0
762,4.753,0.0,0.198371335504886,1,0.0005566883810734674,0.003625206469452817,0.03991323858047572,0
772,1.692,0.0,0.1662117903930131,1,0.0007524200840820538,0.00016484846893998503,0.039901776575962014,0
773,5.109,0.0023795424480326393,0.21504237288135594,2,0.0014445339036658058,0.0027864228851987353,0.040322320587681544,0
1457,1.185,0.0,0.12446351931330472,1,0.0009497864738732475,3.010320704561058e-07,0.039902762169993555,0
781,1.242,0.0,0.16313956603268148,1,0.0008433922234964374,0.00011734084072663157,0.03990177589669838,0
790,1.681,0.006557341629936912,0.1817910447761194,1,0.0013765996918928198,0.00014032263157940525,0.04010532644993802,0
1076,2.27,0.0,0.16244331821819152,1,0.0004897089047751647,6.950984159929853e-05,0.03990913314261812,0
807,1.949,0.0032840722495894913,0.17370222475755848,1,0.0015542827749733218,0.00029614909143257337,0.040103307376332484,49
1347,1.184,0.0,0.14803111327175497,1,0.000906004671559474,2.059343121249073e-05,0.03990176970652862,0
906,6.842,0.013098478956010717,0.21,1,0.002528285460373646,0.004238522522534032,0.04050907478707581,152
808,3.618,0.0,0.1948176583493282,1,0.0005702237647558872,0.002135467497576166,0.03990604920795523,0
1204,2.011,0.0,0.1824445775913721,1,0.0006763591177445496,0.00032477915835442856,0.03990380910742391,0
813,1.708,0.0,0.19055068836045055,1,0.0007329361990619777,0.0012071207066800629,0.03990193543246226,0
867,10.298,0.0032840722495894913,0.23531684698608965,1,0.0011460152447217546,0.017362223424544302,0.04013646461313568,48
814,4.043,0.0,0.20293235588137287,1,0.0006225987623104281,0.0021604228413900847,0.03991314712677804,0
824,4.681,0.03214183298707807,0.21249127704117238,2,0.0028478630295852587,0.0013130224480709994,0.04071430650873907,175
1000,3.144,0.017210461941966165,0.1976630963972736,2,0.0017936331782307678,0.0008784032019402127,0.04030695231954967,19
13,1.961,0.0,0.17530224525043178,1,0.0007300404972796232,9.131169528993893e-05,0.03990482469662069,0
1064,2.985,0.0,0.20616113744075829,1,0.0006303585241250558,0.0018664469711502174,0.03991016032557335,0
830,1.995,0.0,0.17880211391661774,2,0.0011939099982916355,0.0002465957859577652,0.04010941345251871,0
945,3.526,0.0,0.19413452343002868,1,0.0005423717313467573,0.001709181682791279,0.03990803009280127,0
843,1.6,0.006562743064557947,0.16009463722397477,1,0.00228170256172953,2.6426826186787004e-05,0.040302863615894344,118
84,1.209,0.0,0.13803263825929285,1,0.000893001519901011,1.838340829426684e-06,0.039902767488472685,0
1590,1.207,0.0,0.13803263825929285,1,0.000893001519901011,1.838340829426684e-06,0.039902767488472685,0
847,7.72,2.7007173105176737e-06,0.20205706702057066,2,0.0012673307272245346,0.005471416393442131,0.04031051742359975,85
865,5.855,0.0,0.2019900497512438,2,0.0008791541636613031,0.0051374358235433204,0.04011096042400702,0
1591,5.2,0.0,0.2019900497512438,2,0.0008791541636613031,0.0051374358235433204,0.04011096042400702,0
853,19.436,0.001055460784636031,0.2436,4,0.001679056419049873,0.01718772360501689,0.040778564785090614,0
1369,2.463,0.0,0.1852189781021898,1,0.0006222049048794128,0.000400549478243327,0.03990697486475672,0
473,5.519,0.0,0.22025316455696203,2,0.0009461586982839861,0.0027105240491946364,0.040125080630145034,0
859,1.703,0.0,0.1714044469462426,1,0.0007606149921768964,0.0001571725578069617,0.03990179143043402,0
1088,4.573,0.0032840722495894913,0.2067911714770798,1,0.0012112282164245358,0.0022604828049603105,0.04010765367685449,47
1307,2.359,4.987324633422638e-05,0.17677793904209,2,0.001196810707185975,0.0005440934744981386,0.040103334533974716,18
745,8.519,0.0,0.22025316455696203,1,0.0005359825404489987,0.01182455563269465,0.03991721457673968,0
1016,9.264,0.010605102741852028,0.22414427677585572,2,0.0016293605800621678,0.011941203128711834,0.04031825825806496,84
321,9.287,0.0,0.22025316455696203,1,0.0005359825404489987,0.01182455563269465,0.03991721457673968,0
1592,2.06,0.0,0.17360319270239452,1,0.0007835721147271923,0.00029471693335406715,0.039903798527908395,0
1593,2.116,0.0,0.17360319270239452,1,0.0007835721147271923,0.00029471693335406715,0.039903798527908395,0
926,1.344,0.0,0.16051660516605165,1,0.0007964378350917608,9.39600340019597e-06,0.03990288263885585,0
948,1.267,0.0,0.13219014543086607,1,0.0008847372834634923,1.312558076183572e-06,0.03990476768822653,0
147,1.818,0.013103880390631753,0.1522880720180045,1,0.0037454939852121444,1.888054468024984e-05,0.04070290354222202,189
803,2.782,0.0,0.20630081300813008,1,0.0007265846206063653,0.0016595117470033993,0.039903100463007095,0
975,7.935,0.0,0.22299523983888686,1,0.0005494677596192661,0.012383354882739716,0.03992132574361217,0
1311,8.506,0.0,0.22299523983888686,1,0.0005494677596192661,0.012383354882739716,0.03992132574361217,0
1596,8.448,0.0,0.22299523983888686,1,0.0005494677596192661,0.012383354882739716,0.03992132574361217,0
1597,9.206,0.0,0.22299523983888686,1,0.0005494677596192661,0.012383354882739716,0.03992132574361217,0
919,8.154,0.0,0.22299523983888686,1,0.0005494677596192661,0.012383354882739716,0.03992132574361217,0
1598,9.486,0.0,0.2274085138162808,1,0.0005142665300165133,0.015188683293636701,0.039919710089824346,0
974,1.22,0.0,0.12340425531914893,1,0.000838369371770231,4.20856862872738e-07,0.03990277238202434,0
978,10.319,0.016055010435318935,0.23650485436893204,2,0.0034925960502889103,0.01807450335995584,0.04092760883240915,188
977,2.393,0.0,0.19132893496701225,1,0.0007412416244182707,0.0012566202172998254,0.039905891152427764,0
92,2.221,0.0,0.19132893496701225,1,0.0007412416244182707,0.0012566202172998254,0.039905891152427764,0
732,2.224,0.0,0.19132893496701225,1,0.0007412416244182707,0.0012566202172998254,0.039905891152427764,0
1599,2.575,0.0,0.19132893496701225,1,0.0007412416244182707,0.0012566202172998254,0.039905891152427764,0
979,2.005,0.01307147178290554,0.17885462555066078,1,0.0013706298349373909,0.00022920428588311516,0.04010836019092686,0
983,2.406,0.01957209834932158,0.17917034421888792,2,0.0029461366681465553,0.00026632878932919345,0.04071100386235379,129
1074,1.261,0.0,0.1519840279510856,1,0.0007459107931110857,1.8515571443339626e-05,0.03990480818871555,0
992,4.059,0.0,0.21595744680851064,1,0.0005698554327488354,0.0023099745709513095,0.039919358936210174,0
1600,9.699,0.00016063378270280915,0.21557522123893805,2,0.0008476624043794363,0.00780214792795112,0.04012150567807505,0
1002,17.587,0.008463150038578055,0.23641304347826086,4,0.001331625259327226,0.020524754204848283,0.0405413953725726,0
1013,1.617,0.0,0.17237475233512595,1,0.0006656650893924628,0.000222176244602943,0.039902840604409656,0
1371,5.911,0.0033667270598499543,0.2082051282051282,2,0.001481705894407766,0.0031949264035915676,0.040317489579522234,46
416,3.504,0.0,0.2169576059850374,1,0.0006183053648564369,0.002229032783345517,0.03991121615980641,0
1601,3.7,0.0,0.2169576059850374,1,0.0006183053648564369,0.002229032783345517,0.03991121615980641,0
1017,1.213,0.0,0.13605898123324398,1,0.0007934162000531927,6.448628071763482e-07,0.03990377004300365,0
1602,1.196,0.0,0.13578595317725753,1,0.0008937404302250761,8.627350638330154e-07,0.03990177966856557,0
1437,1.271,0.0,0.1452767175572519,1,0.0007517340130802535,2.421094104673813e-06,0.0399047982270508,0
1418,2.361,0.0,0.18930680758470625,1,0.0006685960265483465,0.0007623499223353862,0.039905843041208505,0
1603,2.395,0.0,0.18930680758470625,1,0.0006685960265483465,0.0007623499223353862,0.039905843041208505,0
1042,4.979,0.0,0.21603405462930117,2,0.0008726627774734801,0.00274452629660467,0.040125098847685385,0
1048,4.543,0.0032840722495894913,0.20092378752886836,1,0.001269570720631794,0.003019964677105002,0.04010574629962309,45
195,1.457,0.0,0.16735366859027206,1,0.0007853830076817267,0.00020997116755832945,0.03990178189121542,0
1178,7.15,0.006851432541628357,0.22791916167664672,3,0.0025792154460729253,0.003990847025694077,0.04091520318059514,167
1114,2.088,0.0,0.20415688903788132,1,0.0007828909827810521,0.0016595085679582734,0.03990310028695685,0
1080,1.199,0.0,0.15830517286197038,1,0.0008716969385806426,8.532329158512487e-05,0.039901760186540305,0
1154,2.614,0.0032840722495894913,0.18802099413399198,1,0.001472157173089997,0.0012272565061505938,0.040101403966621006,97
1094,5.204,0.0455248397912974,0.19856537332898597,2,0.009817609933325182,0.0006195329958480958,0.042910804480712404,221
274,1.865,0.0,0.1657142857142857,1,0.0007697142792429878,4.307375691097202e-05,0.0399158071867932,0
1459,1.933,0.0,0.1657142857142857,1,0.0007697142792429878,4.307375691097202e-05,0.0399158071867932,0
1604,2.019,0.0,0.1657142857142857,1,0.0007697142792429878,4.307375691097202e-05,0.0399158071867932,0
696,1.905,0.0,0.1657142857142857,1,0.0007697142792429878,4.307375691097202e-05,0.0399158071867932,0
1500,3.271,0.011908817193791148,0.19450654742893644,2,0.002202252180411612,0.0004321511211499242,0.040520476475336575,136
1605,1.538,0.0,0.1657142857142857,1,0.0007697142792429878,4.307375691097202e-05,0.0399158071867932,0
253,1.681,0.0,0.1657142857142857,1,0.0007697142792429878,4.307375691097202e-05,0.0399158071867932,0
159,1.65,0.0,0.1657142857142857,1,0.0007697142792429878,4.307375691097202e-05,0.0399158071867932,0
329,1.857,0.0,0.1657142857142857,1,0.0007697142792429878,4.307375691097202e-05,0.0399158071867932,0
295,1.579,0.0,0.1657142857142857,1,0.0007697142792429878,4.307375691097202e-05,0.0399158071867932,0
703,1.999,0.0,0.1657142857142857,1,0.0007697142792429878,4.307375691097202e-05,0.0399158071867932,0
32,1.645,0.0,0.1657142857142857,1,0.0007697142792429878,4.307375691097202e-05,0.0399158071867932,0
1606,3.72,0.0,0.20963855421686747,1,0.0006049379107136174,0.0035736999146298624,0.03990633065051115,0
1607,1.179,0.0,0.11545023696682465,1,0.0010005991795244288,4.355362006890431e-08,0.03990176452576321,0
1608,1.247,0.0,0.15363269424823411,1,0.0008527446935517374,2.06382154219579e-05,0.039903770484431965,0
1609,1.261,0.0,0.15363269424823411,1,0.0008527446935517374,2.06382154219579e-05,0.039903770484431965,0
1112,3.002,0.0,0.20616113744075829,1,0.0006303585241250558,0.0018664469711502174,0.03991016032557335,0
224,1.21,0.0,0.13685393258426967,1,0.0009483464711842341,2.186537636585869e-06,0.03990177462985621,0
1142,3.235,0.00578328327429627,0.1895424836601307,2,0.002001065866053052,0.0004848013774339207,0.04051373216565044,0
1488,9.049,0.0,0.2254720473898556,1,0.0005069039014938105,0.015611453090424256,0.03992270368565038,0
705,4.172,0.0,0.21595744680851064,1,0.0005698554327488354,0.0023099745709513095,0.039919358936210174,0
876,4.353,0.0,0.21595744680851064,1,0.0005698554327488354,0.0023099745709513095,0.039919358936210174,0
382,4.084,0.0,0.21595744680851064,1,0.0005698554327488354,0.0023099745709513095,0.039919358936210174,0
471,3.579,0.0,0.21595744680851064,1,0.0005698554327488354,0.0023099745709513095,0.039919358936210174,0
332,4.334,0.0,0.18195398864654916,1,0.0005220275947053078,0.0009426106877350757,0.03990602459665212,0
323,2.778,0.0,0.20429386112042938,1,0.0008127769918797653,0.0016758273701517907,0.03990509065246216,0
1194,2.797,0.0,0.20429386112042938,1,0.0008127769918797653,0.0016758273701517907,0.03990509065246216,0
1338,2.35,0.0,0.20429386112042938,1,0.0008127769918797653,0.0016758273701517907,0.03990509065246216,0
1444,7.32,0.0,0.20340681362725452,1,0.0005242264204369309,0.0074565056820232595,0.03991057687596022,0
1173,4.483,2.5748267311226432e-05,0.2140597539543058,2,0.001482605638538857,0.003689602826422794,0.040314465772159136,72
91,5.213,0.0,0.21271393643031786,2,0.0010531396363244396,0.003447463164274084,0.040113876469762375,0
877,5.11,0.001496790546752697,0.22121322193970214,2,0.0014185186961953038,0.003724951984395501,0.040318452469647756,0
1176,8.432,0.0032840722495894913,0.23531684698608965,1,0.0011439966621676037,0.01627854577213452,0.04012629891222889,44
1613,2.174,0.0,0.19055068836045055,1,0.0007320758882087043,0.00113175304551148,0.03990188460877894,0
1357,13.859,0.0019094339103656744,0.24243630573248406,3,0.001197908167256948,0.020102557950033014,0.04034335090251446,0
1132,2.078,0.0,0.18567073170731707,1,0.0006112806992151265,0.0002774888201214172,0.039905829170707244,0
348,7.578,0.0,0.2185145317545748,1,0.0005356115978427171,0.00947744683148509,0.039921967022942616,0
1615,6.854,0.0,0.2185145317545748,1,0.0005356115978427171,0.00947744683148509,0.039921967022942616,0
1191,2.417,0.0,0.19475535657179405,1,0.0006889318332983418,0.001679500297811982,0.03990503755340077,0
1193,1.199,0.0,0.14941118743866535,1,0.0008626257167445954,6.4133639439682125e-06,0.03990277742023743,0
112,5.707,0.0,0.198371335504886,1,0.0005566883810734674,0.003625206469452817,0.03991323858047572,0
1167,4.671,0.0,0.198371335504886,1,0.0005566883810734674,0.003625206469452817,0.03991323858047572,0
1248,1.301,0.0,0.15194610778443113,1,0.0007174169438796359,8.710520822171762e-06,0.03990780655911355,0
1214,2.13,0.0,0.1767266395821242,1,0.0006401590359710485,0.00042751363450078793,0.03990285237719595,0
626,3.775,0.0014713491793812202,0.2077080491132333,2,0.0011344551310968152,0.0029248197375980156,0.04010475529753646,0
1335,4.657,0.003353379380447542,0.21338472319551507,2,0.0010944948077553618,0.002904095842427655,0.040106791007331805,0
1616,2.004,0.0,0.1831578947368421,1,0.0007075718445383327,0.0008302020311150692,0.03990284442069261,0
1226,1.221,0.0,0.13219014543086607,1,0.0008847372834634923,1.312558076183572e-06,0.03990476768822653,0
1089,1.158,0.0,0.13578595317725753,1,0.0008937404302250761,8.627350638330154e-07,0.03990177966856557,0
1255,13.014,4.767841440619932e-05,0.2321768966831872,2,0.0007978779247997795,0.019788394548922554,0.04013097078324971,0
1619,1.251,0.0,0.13219014543086607,1,0.0008847372834634923,1.312558076183572e-06,0.03990476768822653,0
1262,1.448,0.0,0.1425561797752809,1,0.0007235565044017131,3.760889051171574e-06,0.03990683383250629,0
1275,1.169,0.0,0.12040332147093713,1,0.0009530104044799257,1.0326245153938121e-07,0.039901759639035216,0
1203,2.16,0.0,0.20595197835644233,1,0.0006975077371711234,0.0016822477724341288,0.039903125806426125,0
1278,6.486,0.024998934056957217,0.2199349945828819,2,0.005233864555897345,0.0042653719818403135,0.04171263365709069,210
1623,2.378,0.0,0.18033757773171455,1,0.0006912261790261488,0.00029654424337817106,0.03990981632103829,0
832,1.996,0.0,0.18033757773171455,1,0.0006912261790261488,0.00029654424337817106,0.03990981632103829,0
1624,1.769,0.0032840722495894913,0.18044444444444444,1,0.0014096722801468606,0.00029798448358586644,0.040109325319830864,43
1625,2.061,0.0,0.18033757773171455,1,0.0006912261790261488,0.00029654424337817106,0.03990981632103829,0
1281,3.253,0.0,0.1900749063670412,2,0.0011673700071844495,0.00037287710008191723,0.04011751629777424,0
324,1.172,0.0,0.13578595317725753,1,0.0008937404302250761,8.627350638330154e-07,0.03990177966856557,0
1626,1.185,0.0,0.1488997555012225,1,0.0007893927604962286,1.6382830996954534e-05,0.03990378003245928,0
1306,1.722,0.0032840722495894913,0.16296494514316295,1,0.0014418481041866315,3.019042023059837e-05,0.04010336440060715,42
1186,1.276,0.0,0.14016110471806675,1,0.0008606565282164652,2.0989118801656905e-06,0.03990176999237764,0
1321,1.28,0.0,0.13219014543086607,1,0.0008847372834634923,1.312558076183572e-06,0.03990476768822653,0
1325,3.387,0.0,0.19488,1,0.0006049178369692806,0.0016200657996251558,0.03990599684163009,0
1329,2.758,0.01009745966801118,0.18304779080252478,2,0.0024652650675012016,0.0002991293700095676,0.04050952514531295,117
724,1.388,0.0,0.15476493011435832,1,0.0007702324433877578,2.080154988604769e-05,0.039903800794725885,0
1627,1.32,0.0,0.15476493011435832,1,0.0007702324433877578,2.080154988604769e-05,0.039903800794725885,0
845,4.643,0.0,0.21263966480446927,1,0.0006330630609749587,0.003190949934142642,0.03991230415490806,0
1079,4.34,0.0,0.21263966480446927,1,0.0006330630609749587,0.003190949934142642,0.03991230415490806,0
681,4.221,0.0,0.21263966480446927,1,0.0006330630609749587,0.003190949934142642,0.03991230415490806,0
1032,2.463,0.0,0.20408847184986595,1,0.0007223885366890808,0.001783546274623145,0.03990409964814233,0
946,2.696,0.0,0.20408847184986595,1,0.0007223885366890808,0.001783546274623145,0.03990409964814233,0
1366,5.215,0.0,0.1971511816121722,2,0.0009453357003942854,0.0034870309022735036,0.04010973224142317,0
1628,1.989,0.0,0.1648173207036536,1,0.0006375534473447649,0.000359346768121285,0.03990379847443578,0
1346,2.618,0.0,0.20415688903788132,1,0.000801241820822069,0.00166760819143941,0.039904092950789054,0
1359,1.673,0.001351020648481552,0.18629550321199143,2,0.0011887373661654166,0.00014276940017901444,0.040105396498456916,17
1387,3.371,0.003490836191281927,0.2111650485436893,2,0.001136020975791188,0.0018763745137289894,0.04011068730717609,0
1362,1.283,0.0,0.15289982425307558,1,0.0008444893909851053,2.071662007513697e-05,0.039901799796232464,0
1432,9.255,0.0,0.23513513513513515,1,0.0005217423656568786,0.01619986266045878,0.03992678949297522,0
1402,4.47,0.003393328053645335,0.18895439031957803,2,0.0015469725792216019,0.0007727169175270983,0.04030705153955687,135
740,1.665,0.0,0.15896632732967894,1,0.0006841854254761728,5.375217395739214e-05,0.03990278842393601,0
4,2.417,0.0,0.20415688903788132,1,0.000801241820822069,0.00166760819143941,0.039904092950789054,0
1424,2.571,0.005824813345435537,0.18995633187772926,2,0.0017361811294236507,0.0008476222975291392,0.04030589296480799,0
1443,3.569,0.0,0.1911487758945386,1,0.0004914656604983376,0.00043967658531743727,0.03992536648343915,0
1458,2.113,0.00413336217179683,0.18538812785388128,2,0.0017898831538489732,0.00014339961194772318,0.04030587343265989,96
663,1.321,0.0,0.15643462625224763,1,0.0007532076470211026,9.969659416455676e-06,0.0399027825372327,0
1464,2.257,0.0,0.1876155268022181,1,0.0006757790466734703,0.00044139614510084127,0.03990687026622226,0
1469,1.71,0.009836012444905368,0.1519840279510856,1,0.003169315472262794,1.6169123056018646e-05,0.0405003512946108,169
1492,1.258,0.0,0.13196099674972914,1,0.0009226306297568413,1.1240713686896312e-06,0.039903754927123704,0
1498,1.241,0.0,0.13196099674972914,1,0.0009226306297568413,1.1240713686896312e-06,0.039903754927123704,0
384,1.189,0.0,0.13196099674972914,1,0.0009226306297568413,1.1240713686896312e-06,0.039903754927123704,0
1641,5.816,0.0,0.20672097759674135,2,0.0009819975999356358,0.002417655362767272,0.04010868815168926,16
1478,5.99,0.0,0.20672097759674135,2,0.0009819975999356358,0.002417655362767272,0.04010868815168926,0
792,3.622,0.0,0.1987597911227154,1,0.0005838665116417862,0.001995308770922095,0.0399051166951195,0
1480,1.344,0.0,0.1425561797752809,1,0.0007235565044017131,3.760889051171574e-06,0.03990683383250629,0
1494,3.096,0.02611167812629237,0.18796296296296297,2,0.0033557490630145683,0.000303941469395512,0.040915682868877444,139
1642,1.418,0.0,0.15826403326403327,1,0.0007216263149624912,2.113633562479176e-05,0.039905831582930575,0
