Node_ID,PageRank
509,0.025516609264664945
188,0.01651906713085229
628,0.011411445310308015
1094,0.009817609933325182
29,0.008279684786541432
1398,0.00811323783838224
546,0.0077826250836462805
1149,0.007241144275414322
433,0.007223178117556851
1187,0.007157974986906865
965,0.007142858337309599
272,0.0071054195819169694
485,0.007056259048553268
782,0.0069248796675128515
436,0.006484275761105677
1147,0.006448575169272694
298,0.006390282085332837
938,0.006170365063949563
716,0.0060246115585757655
319,0.005760698934826057
969,0.005683549928373481
1333,0.005466665031783934
892,0.005460620977711352
452,0.005356817493935421
282,0.005277574763120806
1278,0.005233864555897345
1014,0.004817220770975629
1202,0.00475364028838904
825,0.0045222892302389985
1212,0.0044368837162412555
315,0.004333378541948882
312,0.004072338661543022
300,0.00395115772226422
1360,0.003934805009323237
1481,0.003827904009056253
702,0.0037984221616416923
489,0.0037875095729781186
1249,0.0037718311566205796
147,0.0037454939852121444
95,0.003659989754499424
739,0.003657937091600328
313,0.00365301746555114
15,0.003579179327221217
883,0.003548445615118546
490,0.0035383066036385803
978,0.0034925960502889103
79,0.003420734481965942
764,0.0034076790919023016
397,0.00337823755658517
1494,0.0033557490630145683
361,0.003346050017755795
1157,0.0033293224789375454
1033,0.0032883915403484547
1159,0.0032746687019075014
1288,0.003253160342763222
63,0.003196564097173789
1469,0.003169315472262794
1168,0.0031582225793486147
320,0.0031399998953633075
857,0.0031035563408208923
999,0.0030815902476274007
89,0.0030482053532227232
618,0.0030421597974746757
285,0.003000021118662846
1041,0.0029836322895919107
1039,0.002975405091408807
983,0.0029461366681465553
80,0.0029451636556118693
227,0.0029164585151638285
989,0.002903353684589505
428,0.0028981271597851486
1109,0.0028495815606806143
824,0.0028478630295852587
842,0.0027906203904190592
616,0.002729328980020032
873,0.0027104132588348655
402,0.002695181977295925
725,0.0026672417626936186
1406,0.002611439836180152
1327,0.002606006064738641
918,0.0026029711990774177
806,0.002581642823709469
448,0.0025810645779480025
1178,0.0025792154460729253
94,0.0025737404330329725
1299,0.0025572787803289296
1545,0.0025507432366418913
1355,0.0025350084646199034
1504,0.0025348217240766663
1104,0.002534285735772852
906,0.002528285460373646
395,0.00251276640849398
223,0.002499916590986103
605,0.002492802720312722
752,0.0024877253664519743
776,0.0024798383159046955
403,0.002474161116360894
1205,0.0024716667714407147
1329,0.0024652650675012016
1541,0.0024423351191601
683,0.00241063961644937
578,0.002398556030917051
27,0.002397489282482378
516,0.002390392200296976
355,0.0023810852828348673
38,0.0023709131407950628
508,0.002349233126124995
499,0.0023354286679569433
307,0.002322947506495704
1435,0.0023105280930298005
568,0.0022982265530990904
221,0.0022915437254709533
629,0.0022890525129830117
1344,0.0022846767878514506
1065,0.0022842240747353863
843,0.00228170256172953
420,0.002265081311700145
240,0.002255607262943363
1336,0.002242014827494745
1532,0.0022142610142599573
1232,0.0022034926260071615
1500,0.002202252180411612
478,0.0021978198999297828
718,0.0021972623904547195
623,0.00219680279896137
1196,0.0021931948932319106
1201,0.0021766858282785545
345,0.0021564425860923844
898,0.0021552587751078657
165,0.00214154777541576
372,0.0021302228447355335
1507,0.0021181339185490132
1174,0.0020984580406198596
380,0.002096549422933095
1505,0.0020870112498521075
114,0.00208476342982156
222,0.0020701899797583813
640,0.0020541250367429394
1415,0.002027589352634095
256,0.002026840163391983
812,0.0020260055883657424
426,0.0020227551783658757
552,0.0020108719969224916
1142,0.002001065866053052
1479,0.00198815740528113
863,0.001985838510544584
146,0.0019732740224157825
1192,0.0019654912680563265
1348,0.001960022343856609
1565,0.0019500040816043144
1153,0.0019492883654463713
1018,0.0019310041787811553
1242,0.0019211220509089083
986,0.0018995715592965933
1078,0.0018950215550779168
129,0.0018927254056575595
61,0.0018820668343691859
154,0.0018781328825222712
1019,0.0018771155165702446
1137,0.00186470595107135
741,0.0018515976675159756
1342,0.0018431640110595287
858,0.0018327396433146512
96,0.0018322022374293616
1582,0.001803948373405028
6,0.0018024512867821929
1000,0.0017936331782307678
1466,0.001791709308607911
1458,0.0017898831538489732
1220,0.0017871332279312676
417,0.0017806314732331297
1513,0.0017774027910898928
161,0.0017602748107864057
905,0.0017563015311463364
1217,0.0017508704174542848
103,0.00175077243387518
1125,0.0017445331647321354
1424,0.0017361811294236507
1272,0.0017094086390719474
956,0.0016961417837238083
2,0.001692761897190867
645,0.0016885252905865908
853,0.001679056419049873
698,0.0016778693886658033
1420,0.0016738915620987723
524,0.0016707964845553156
1578,0.0016693110990688897
532,0.0016619506860624637
228,0.00166006081033734
1140,0.0016582428588883178
862,0.0016546271309251066
554,0.0016422287095993633
1016,0.0016293605800621678
909,0.001628613910078031
1556,0.0016187302446308096
196,0.001608278324400711
1043,0.0015945588186075624
1276,0.0015916457689352547
849,0.0015901116335571214
201,0.0015643860666114148
807,0.0015542827749733218
244,0.0015529957589924133
1402,0.0015469725792216019
580,0.0015443767887894759
1062,0.001538806849069425
791,0.00153737250469252
1021,0.001524274427304157
1292,0.001524274427304157
1252,0.001524274427304157
1208,0.0014992793673520844
528,0.0014910970997448834
1173,0.001482605638538857
1371,0.001481705894407766
534,0.0014780352465978296
966,0.0014743513903552367
268,0.0014734545492925987
1154,0.001472157173089997
661,0.0014701189288265414
1516,0.001468313950730642
1549,0.001461751351934346
584,0.001447724295673782
773,0.0014445339036658058
1306,0.0014418481041866315
1514,0.0014374737359854862
1518,0.0014365377985201815
1229,0.0014347772376458678
215,0.0014309516310981917
1570,0.0014287350800981544
670,0.0014202005259249882
877,0.0014185186961953038
1417,0.0014165880402392849
1624,0.0014096722801468606
931,0.0014062472307107168
1542,0.0014058421080699096
1331,0.0014030058198178346
1560,0.0013916647309403032
1298,0.0013787418712239243
790,0.0013765996918928198
362,0.0013755198191634376
979,0.0013706298349373909
777,0.0013565052259833898
263,0.0013552246398327121
182,0.0013552246398327121
123,0.0013468560322129149
1160,0.0013361746602854262
1002,0.001331625259327226
1536,0.0013268369726441918
826,0.0013224263687757758
636,0.001319125492717413
1165,0.0013189831011715324
1535,0.0013136128358754496
556,0.0013019583592077807
503,0.0012953264223473375
1289,0.0012915006646772261
1034,0.001271937423507039
1048,0.001269570720631794
847,0.0012673307272245346
423,0.0012628893488777194
109,0.0012502477448465786
481,0.001247689520051301
676,0.001247689520051301
306,0.001247689520051301
226,0.001247689520051301
1547,0.001234233504945222
1495,0.0012298756755661432
163,0.0012245739394626243
261,0.0012206361189617322
694,0.0012200176151528702
16,0.0012188148415342975
574,0.0012188148415342975
317,0.0012142018296232048
231,0.0012120100139471084
1088,0.0012112282164245358
672,0.0012079779510828018
1564,0.0012030774354714017
562,0.001198099925141739
1357,0.001197908167256948
1307,0.001196810707185975
1567,0.0011958177904827694
830,0.0011939099982916355
210,0.0011917965276399644
1359,0.0011887373661654166
617,0.001178085792627604
1281,0.0011673700071844495
502,0.001165702554964846
167,0.0011514284079455546
410,0.001146908892556676
1468,0.0011463038086510428
867,0.0011460152447217546
1176,0.0011439966621676037
99,0.0011431500844645821
1061,0.001142344832062666
1533,0.001136894766410349
1387,0.001136020975791188
1508,0.0011352755689067937
626,0.0011344551310968152
804,0.001129477326944103
1525,0.001116245071246151
1200,0.001113567275165917
36,0.0010972753984378326
1335,0.0010944948077553618
795,0.0010858476842546053
457,0.0010823838432561304
160,0.0010700884929460226
284,0.0010686668569332345
759,0.001065550881483993
406,0.0010585926900114654
1416,0.0010585926900114654
134,0.0010574162613113899
91,0.0010531396363244396
1392,0.0010460205707606219
1551,0.0010404356474371633
1350,0.0010356942163725876
1273,0.0010140091966783036
464,0.0010077645953966005
1407,0.0010064119636873751
441,0.0010064119636873751
241,0.0010050132493919384
1531,0.0010050132493919384
47,0.001002424552455492
1607,0.0010005991795244288
278,0.0009999911518160907
294,0.0009955270357145329
1641,0.0009819975999356358
1478,0.0009819975999356358
267,0.0009764768468496074
104,0.0009658579422322756
1103,0.0009642459858670372
463,0.0009591775927170392
1275,0.0009530104044799257
595,0.0009500900741488366
897,0.0009500900741488366
1457,0.0009497864738732475
649,0.0009497864738732475
224,0.0009483464711842341
473,0.0009461586982839861
1366,0.0009453357003942854
957,0.000944201081563097
1558,0.000943528734655748
658,0.000941937398927978
612,0.0009380236972784651
484,0.0009339678703101371
666,0.0009307771803015253
1274,0.0009281344103820456
1524,0.0009281344103820456
409,0.0009281344103820456
74,0.0009259821917823089
199,0.0009241224681726689
384,0.0009226306297568413
1492,0.0009226306297568413
1498,0.0009226306297568413
591,0.0009064162562087681
1361,0.0009064162562087681
1347,0.000906004671559474
1546,0.0009059452830367089
659,0.0008958538606927034
1089,0.0008937404302250761
324,0.0008937404302250761
1602,0.0008937404302250761
84,0.000893001519901011
1590,0.000893001519901011
1368,0.0008885917427534985
1060,0.0008885917427534985
427,0.0008872157182022223
1226,0.0008847372834634923
1321,0.0008847372834634923
1619,0.0008847372834634923
948,0.0008847372834634923
162,0.0008821397098165737
865,0.0008791541636613031
1591,0.0008791541636613031
491,0.0008772173381970552
1571,0.0008743021611331257
1042,0.0008726627774734801
1354,0.0008721992812615303
1080,0.0008716969385806426
1182,0.0008684865718057385
407,0.0008675193051365872
1566,0.0008657962058756937
1193,0.0008626257167445954
1186,0.0008606565282164652
310,0.000860209391710582
837,0.0008571722759573974
1512,0.0008566719332667864
1511,0.0008566719332667864
1239,0.0008566719332667864
652,0.0008566719332667864
254,0.0008557556002465902
1609,0.0008527446935517374
1608,0.0008527446935517374
1583,0.0008527446935517374
242,0.0008515354507288792
1102,0.00084956603153217
265,0.00084956603153217
1493,0.00084956603153217
1600,0.0008476624043794363
120,0.0008466599202282324
1362,0.0008444893909851053
781,0.0008433922234964374
379,0.0008399648664381084
339,0.0008399648664381084
974,0.000838369371770231
1528,0.0008348245158908557
1423,0.0008338146278858965
166,0.0008289843109612297
273,0.0008151966842740738
1388,0.0008150976945698787
1194,0.0008127769918797653
323,0.0008127769918797653
1338,0.0008127769918797653
193,0.0008127769918797653
23,0.0008052704960285373
264,0.0008052704960285373
4,0.000801241820822069
1346,0.000801241820822069
51,0.000801241820822069
1413,0.0008010510794296466
1555,0.0007991302717992718
1255,0.0007978779247997795
653,0.0007967897939037327
926,0.0007964378350917608
327,0.0007961853962332216
1527,0.0007934162000531927
1017,0.0007934162000531927
1106,0.0007918499513937325
217,0.0007900894775484913
1626,0.0007893927604962286
399,0.0007893927604962286
195,0.0007853830076817267
1593,0.0007835721147271923
1592,0.0007835721147271923
1114,0.0007828909827810521
106,0.0007827586693491923
695,0.0007767986257578999
711,0.0007731272248469201
724,0.0007702324433877578
1627,0.0007702324433877578
32,0.0007697142792429878
159,0.0007697142792429878
253,0.0007697142792429878
1605,0.0007697142792429878
703,0.0007697142792429878
329,0.0007697142792429878
696,0.0007697142792429878
274,0.0007697142792429878
295,0.0007697142792429878
1604,0.0007697142792429878
1459,0.0007697142792429878
680,0.0007686064802393863
1537,0.0007663316265645649
173,0.0007646555027129268
301,0.0007639980731420711
1577,0.0007639980731420711
634,0.0007622889479858878
859,0.0007606149921768964
1072,0.0007553543721416185
663,0.0007532076470211026
772,0.0007524200840820538
1437,0.0007517340130802535
387,0.0007517340130802535
483,0.000749969604207867
633,0.0007470252166287081
392,0.0007470252166287081
1563,0.0007470252166287081
1225,0.0007470252166287081
1562,0.0007470252166287081
1561,0.0007470252166287081
1271,0.0007470252166287081
1074,0.0007459107931110857
368,0.000742035970949821
539,0.0007413107996390013
92,0.0007412416244182707
977,0.0007412416244182707
1599,0.0007412416244182707
732,0.0007412416244182707
813,0.0007329361990619777
1613,0.0007320758882087043
712,0.0007317335344565179
13,0.0007300404972796232
177,0.0007289284283343496
803,0.0007265846206063653
1587,0.0007246281761965853
1262,0.0007235565044017131
1480,0.0007235565044017131
1032,0.0007223885366890808
946,0.0007223885366890808
1642,0.0007216263149624912
1248,0.0007174169438796359
88,0.0007147446540344982
281,0.000712052451389967
769,0.0007102187973946899
1616,0.0007075718445383327
1203,0.0006975077371711234
1623,0.0006912261790261488
1625,0.0006912261790261488
832,0.0006912261790261488
1282,0.0006907423837932559
619,0.0006892419663535705
1197,0.0006890637791943338
1191,0.0006889318332983418
740,0.0006841854254761728
1204,0.0006763591177445496
1464,0.0006757790466734703
1574,0.0006732148772920714
1603,0.0006685960265483465
1418,0.0006685960265483465
671,0.0006683603552504807
1013,0.0006656650893924628
1548,0.0006634256718303463
571,0.0006486161438157851
1111,0.0006486161438157851
1180,0.0006486161438157851
1131,0.0006486161438157851
631,0.0006407858240323671
1214,0.0006401590359710485
1628,0.0006375534473447649
681,0.0006330630609749587
1515,0.0006330630609749587
845,0.0006330630609749587
1079,0.0006330630609749587
1112,0.0006303585241250558
220,0.0006303585241250558
1064,0.0006303585241250558
396,0.0006266602822410261
1552,0.0006225987623104281
814,0.0006225987623104281
678,0.0006225987623104281
1213,0.0006225987623104281
1059,0.0006225987623104281
1369,0.0006222049048794128
1601,0.0006183053648564369
416,0.0006183053648564369
1132,0.0006112806992151265
581,0.0006049379107136174
1606,0.0006049379107136174
1325,0.0006049178369692806
90,0.000600113565319953
1439,0.000597703794227191
340,0.0005954813790216882
792,0.0005838665116417862
192,0.0005817797193910007
1434,0.0005773275117436339
808,0.0005702237647558872
992,0.0005698554327488354
876,0.0005698554327488354
471,0.0005698554327488354
705,0.0005698554327488354
382,0.0005698554327488354
1287,0.0005697706162588001
1530,0.0005697706162588001
334,0.0005695336734158035
341,0.0005695336734158035
1568,0.0005695336734158035
1128,0.0005695336734158035
238,0.0005695336734158035
1463,0.0005695336734158035
394,0.0005695336734158035
1206,0.0005695336734158035
1427,0.0005695336734158035
297,0.0005695336734158035
472,0.0005695336734158035
1414,0.0005676463395053407
868,0.0005649597086819574
762,0.0005566883810734674
1167,0.0005566883810734674
112,0.0005566883810734674
975,0.0005494677596192661
1596,0.0005494677596192661
1597,0.0005494677596192661
1311,0.0005494677596192661
141,0.0005494677596192661
58,0.0005494677596192661
919,0.0005494677596192661
945,0.0005423717313467573
305,0.0005386051196382575
321,0.0005359825404489987
745,0.0005359825404489987
550,0.0005359825404489987
1615,0.0005356115978427171
348,0.0005356115978427171
496,0.0005356115978427171
488,0.0005355151319248564
1550,0.0005318018068420172
728,0.0005318018068420172
1559,0.0005305216995082148
903,0.0005281794468328673
1444,0.0005242264204369309
364,0.0005230278861566913
432,0.0005230278861566913
314,0.0005224418005902988
332,0.0005220275947053078
620,0.0005219335763367978
1432,0.0005217423656568786
150,0.000521202057911709
495,0.000521202057911709
1022,0.000521202057911709
542,0.000520919485600637
1598,0.0005142665300165133
1544,0.0005142665300165133
422,0.0005130691847898355
135,0.0005083475991356514
1488,0.0005069039014938105
66,0.0005069039014938105
506,0.0005049756011682549
1302,0.0004951182560017595
1383,0.0004914656604983376
1443,0.0004914656604983376
861,0.0004914656604983376
1397,0.0004914656604983376
1076,0.0004897089047751647
